{
  "n_finished": {
    "S1": [
      NaN,
      NaN,
      NaN,
      NaN
    ],
    "S1_conf": [
      NaN,
      NaN,
      NaN,
      NaN
    ],
    "S2": [
      [
        NaN,
        NaN,
        NaN,
        NaN
      ],
      [
        NaN,
        NaN,
        NaN,
        NaN
      ],
      [
        NaN,
        NaN,
        NaN,
        NaN
      ],
      [
        NaN,
        NaN,
        NaN,
        NaN
      ]
    ],
    "S2_conf": [
      [
        NaN,
        NaN,
        NaN,
        NaN
      ],
      [
        NaN,
        NaN,
        NaN,
        NaN
      ],
      [
        NaN,
        NaN,
        NaN,
        NaN
      ],
      [
        NaN,
        NaN,
        NaN,
        NaN
      ]
    ],
    "ST": [
      NaN,
      NaN,
      NaN,
      NaN
    ],
    "ST_conf": [
      NaN,
      NaN,
      NaN,
      NaN
    ]
  },
  "sum_finish_time": {
    "S1": [
      0.011581503265307054,
      0.03064483597234626,
      -0.026829764689974,
      0.8487057182275363
    ],
    "S1_conf": [
      0.06670397210184907,
      0.10070744548054629,
      0.044195429664831816,
      0.20326726900025538
    ],
    "S2": [
      [
        NaN,
        0.0054603224186179425,
        0.06738049851913773,
        -0.11419943491467488
      ],
      [
        NaN,
        NaN,
        -0.07440079772468164,
        0.1879741447728439
      ],
      [
        NaN,
        NaN,
        NaN,
        0.007815777845184169
      ],
      [
        NaN,
        NaN,
        NaN,
        NaN
      ]
    ],
    "S2_conf": [
      [
        NaN,
        0.08711007073772026,
        0.13351230966436606,
        0.13302118387119236
      ],
      [
        NaN,
        NaN,
        0.17368742385061925,
        0.19291136373050755
      ],
      [
        NaN,
        NaN,
        NaN,
        0.1164444109198239
      ],
      [
        NaN,
        NaN,
        NaN,
        NaN
      ]
    ],
    "ST": [
      0.10388912304050031,
      0.22941917590201197,
      0.0424158266859394,
      1.0443725629131912
    ],
    "ST_conf": [
      0.05688481513550524,
      0.08719922107321176,
      0.01717927636590808,
      0.22855975418812657
    ]
  },
  "sum_stamina_spent": {
    "S1": [
      -0.05059104464983819,
      0.23859657374403873,
      -0.01326083274496804,
      0.12306815389744742
    ],
    "S1_conf": [
      0.10660710424926016,
      0.2400973755580864,
      0.09806778015899176,
      0.1663453107699531
    ],
    "S2": [
      [
        NaN,
        0.15653537174379964,
        0.08750397780637763,
        0.04517961205964323
      ],
      [
        NaN,
        NaN,
        0.1221368476424478,
        0.4376509343409859
      ],
      [
        NaN,
        NaN,
        NaN,
        0.04550206596002897
      ],
      [
        NaN,
        NaN,
        NaN,
        NaN
      ]
    ],
    "S2_conf": [
      [
        NaN,
        0.12883285718534854,
        0.1530692937041024,
        0.1407553304846418
      ],
      [
        NaN,
        NaN,
        0.20438452060148407,
        0.33767873178124563
      ],
      [
        NaN,
        NaN,
        NaN,
        0.15005030386013402
      ],
      [
        NaN,
        NaN,
        NaN,
        NaN
      ]
    ],
    "ST": [
      0.1981628771135017,
      0.7920802907438214,
      0.115754368146592,
      0.5783965730999321
    ],
    "ST_conf": [
      0.10992736611610585,
      0.23745610058618208,
      0.06976410470414436,
      0.21433245724191843
    ]
  }
}