{
  "n_finished": {
    "mu": [
      0.0,
      0.0,
      160.5,
      0.0,
      0.0,
      0.0,
      0.0,
      0.0,
      0.0,
      0.0,
      0.0,
      0.0,
      0.0,
      0.0,
      0.0,
      0.0,
      0.0,
      0.0,
      0.0,
      0.0,
      0.0,
      0.0,
      0.0,
      0.0
    ],
    "mu_star": [
      0.0,
      0.0,
      160.5,
      0.0,
      0.0,
      0.0,
      0.0,
      0.0,
      0.0,
      0.0,
      0.0,
      0.0,
      0.0,
      0.0,
      0.0,
      0.0,
      0.0,
      0.0,
      0.0,
      0.0,
      0.0,
      0.0,
      0.0,
      0.0
    ],
    "sigma": [
      0.0,
      0.0,
      0.0,
      0.0,
      0.0,
      0.0,
      0.0,
      0.0,
      0.0,
      0.0,
      0.0,
      0.0,
      0.0,
      0.0,
      0.0,
      0.0,
      0.0,
      0.0,
      0.0,
      0.0,
      0.0,
      0.0,
      0.0,
      0.0
    ],
    "mu_star_conf": [
      0.0,
      0.0,
      0.0,
      0.0,
      0.0,
      0.0,
      0.0,
      0.0,
      0.0,
      0.0,
      0.0,
      0.0,
      0.0,
      0.0,
      0.0,
      0.0,
      0.0,
      0.0,
      0.0,
      0.0,
      0.0,
      0.0,
      0.0,
      0.0
    ]
  },
  "sum_finish_time": {
    "mu": [
      208016.25,
      -2565.0,
      220267.05,
      -5820.6,
      6867.45,
      -292.65,
      -52139.4,
      14634.3,
      -6020.25,
      -755.7,
      64788.0,
      11511.0,
      -45010.35,
      7104.45,
      5577.45,
      -1531.05,
      -389.7,
      0.0,
      -429.3,
      0.0,
      -1258.35,
      782.25,
      -115.05,
      -426.6
    ],
    "mu_star": [
      208016.25,
      2979.9,
      220267.05,
      6685.8,
      7221.75,
      325.65,
      52139.4,
      14634.3,
      28507.95,
      1309.8,
      64788.0,
      11511.0,
      45010.35,
      7709.55,
      11620.05,
      15650.25,
      1936.2,
      0.0,
      1563.3,
      0.0,
      1275.45,
      1693.95,
      138.75,
      491.4
    ],
    "sigma": [
      104720.17924167193,
      11163.939839359675,
      127808.05769363065,
      26205.193740735318,
      27289.997449374052,
      474.5907128640868,
      33889.848637515104,
      26324.739295155316,
      40644.09951592637,
      3331.471637832778,
      39305.38294994854,
      8942.889271723976,
      44295.85717859901,
      32784.01163512644,
      22487.119034484,
      33837.20782538686,
      4205.717638243392,
      0.0,
      3754.241420327849,
      0.0,
      3541.680173307578,
      3868.8509769153616,
      329.2819100949663,
      1133.4825887270472
    ],
    "mu_star_conf": [
      41981.589109964065,
      4531.4920240623405,
      51964.96137739292,
      11242.897872281652,
      11378.758959436831,
      187.49652463828903,
      14641.740481291341,
      12635.136926783398,
      12612.294801641563,
      1398.8384932165122,
      19131.350202052647,
      4114.938654811553,
      18174.42204414945,
      11668.076496554657,
      8404.1280942822,
      11469.782258481606,
      1701.0626556471127,
      0.0,
      1457.0569723695376,
      0.0,
      1340.9394301995703,
      1460.4470525194363,
      135.25594544079968,
      457.3247585642772
    ]
  },
  "sum_stamina_spent": {
    "mu": [
      9495.67119808036,
      -22932.766970689994,
      6465.731386386202,
      -87172.37701466914,
      93191.59896008307,
      -34.63624843958976,
      43139.374199666374,
      24008.92945462931,
      -90691.94469282635,
      2345.268069161071,
      -4902.598982458374,
      4963.646713353164,
      225705.7486788805,
      43222.25990151179,
      63090.822501234,
      21903.211630519436,
      -9652.597899274722,
      0.0,
      -8699.443942480108,
      0.0,
      -2098.2188808720525,
      1247.1320477702998,
      -609.6313841117359,
      4291.899720496747
    ],
    "mu_star": [
      15883.223224722871,
      23065.78964895874,
      93119.55496984502,
      99861.04178527904,
      93207.67002785284,
      36.122702616190985,
      66194.88663940142,
      25853.700711271144,
      90691.94469282635,
      8124.692787312134,
      6280.846158782195,
      6047.778707068728,
      225705.7486788805,
      43296.96838798102,
      63090.822501234,
      71341.75388118628,
      9652.597899274722,
      0.0,
      9539.286600394273,
      0.0,
      2098.2188808720525,
      1911.9173787620562,
      818.748950873413,
      4291.899720496747
    ],
    "sigma": [
      56182.35708230135,
      94237.5552888437,
      258851.8375174633,
      408049.63774495415,
      411879.57761792565,
      143.43594405312774,
      158157.5039561943,
      98938.67216988164,
      226338.6036420097,
      26795.782531437395,
      18812.529536496033,
      14409.873712455888,
      428862.7861864295,
      185023.70154562633,
      140587.2203066524,
      142898.71723306627,
      22980.62075033906,
      0.0,
      36479.99660613083,
      0.0,
      6256.886879292642,
      5464.229545662654,
      2257.7277636690096,
      17092.09343327649
    ],
    "mu_star_conf": [
      25676.755327658957,
      43667.36759370695,
      106827.12661056669,
      197864.80621547197,
      184780.7013142223,
      67.57779364040124,
      64757.258319965484,
      42898.55604875914,
      85733.88147991065,
      10765.698602465334,
      8884.92017991147,
      6392.4311410258615,
      180865.64361698105,
      75934.44063647553,
      66656.75646494147,
      51159.31396352317,
      9251.052576068103,
      0.0,
      17325.470460952532,
      0.0,
      2857.024035575929,
      2298.8433411309156,
      1062.66897084215,
      7407.150290911697
    ]
  }
}