{
  "timestamp": "20260624_175547",
  "num_replications": 50,
  "coefficient_distributions": {
    "coop.alpha_mean": {
      "mean": 0.1077349378745459,
      "std": 0.5972871127902705,
      "min": -1.163248794944125,
      "max": 1.7595708548579454,
      "median": 0.10713550683262965
    },
    "coop.alpha_std": {
      "mean": 4.907732933347959,
      "std": 0.43199070234274795,
      "min": 3.939741773965038,
      "max": 5.740982417600352,
      "median": 4.870570564838357
    },
    "coop.beta_mean": {
      "mean": -0.15781074992606928,
      "std": 0.43820085163981176,
      "min": -1.5151694599609185,
      "max": 0.5716603663716386,
      "median": -0.1312413469760014
    },
    "coop.beta_std": {
      "mean": 5.023296105088048,
      "std": 0.3635766766338004,
      "min": 4.038486024269072,
      "max": 6.118447208653115,
      "median": 4.990683278697018
    },
    "coop.gamma_mean": {
      "mean": 0.01997189219491341,
      "std": 0.5165812218457424,
      "min": -1.4713377175295674,
      "max": 1.522615829258682,
      "median": 0.050069326848982895
    },
    "coop.gamma_std": {
      "mean": 5.003496301204893,
      "std": 0.3787985467530571,
      "min": 4.35046853443847,
      "max": 5.881214555391965,
      "median": 4.973695773545861
    },
    "coop.delta_mean": {
      "mean": 0.02543371628523658,
      "std": 0.5283464232138274,
      "min": -1.1753617991835956,
      "max": 1.4212521363949011,
      "median": 0.100542705655844
    },
    "coop.delta_std": {
      "mean": 4.945503147050899,
      "std": 0.38071844357100953,
      "min": 4.090021017901301,
      "max": 5.709697469423583,
      "median": 4.9848184976209104
    },
    "leave.alpha_mean": {
      "mean": 0.052033346971567765,
      "std": 0.5358696543601852,
      "min": -1.3328123888746355,
      "max": 1.333625563335283,
      "median": 0.0605015734874232
    },
    "leave.alpha_std": {
      "mean": 4.892353143658465,
      "std": 0.4235087436212648,
      "min": 3.97677292186578,
      "max": 5.846896088217975,
      "median": 4.830334915948498
    },
    "leave.beta_mean": {
      "mean": -0.05300814662759141,
      "std": 0.5291293881210732,
      "min": -1.2530862454350555,
      "max": 1.1305750202422042,
      "median": -0.0468566055590834
    },
    "leave.beta_std": {
      "mean": 4.959559297577397,
      "std": 0.4579860779398623,
      "min": 3.744549247795406,
      "max": 5.912812097494971,
      "median": 4.941857259626174
    },
    "leave.gamma_mean": {
      "mean": -0.056334133196258566,
      "std": 0.4449434976778225,
      "min": -1.5972478848155829,
      "max": 0.8884002522101508,
      "median": 0.004143768509476051
    },
    "leave.gamma_std": {
      "mean": 4.996517686093255,
      "std": 0.3556677973526273,
      "min": 4.15785189879235,
      "max": 5.693660398400634,
      "median": 5.007499584917631
    },
    "leave.delta_mean": {
      "mean": 0.07624911468244638,
      "std": 0.5707459902564818,
      "min": -1.2988573569433186,
      "max": 1.0311561675223513,
      "median": 0.14863555023441183
    },
    "leave.delta_std": {
      "mean": 4.97422477269271,
      "std": 0.3865697268134208,
      "min": 4.1514600107505375,
      "max": 5.645486556814303,
      "median": 5.0288925543231
    },
    "follow.alpha_mean": {
      "mean": -0.023208286443756984,
      "std": 0.5071750232121404,
      "min": -1.2475626832894977,
      "max": 1.191253267550072,
      "median": -0.0339276572322614
    },
    "follow.alpha_std": {
      "mean": 5.097986925728942,
      "std": 0.3681976650182824,
      "min": 4.373084388660314,
      "max": 5.892190797087079,
      "median": 5.067584149715259
    },
    "follow.beta_mean": {
      "mean": 0.030855648144354052,
      "std": 0.5340382457176043,
      "min": -0.9768025120874912,
      "max": 1.160650326659611,
      "median": -0.039688463417225046
    },
    "follow.beta_std": {
      "mean": 5.005395058876512,
      "std": 0.3685172445598371,
      "min": 4.379743449694062,
      "max": 6.01357888836904,
      "median": 5.033092691052078
    },
    "follow.gamma_mean": {
      "mean": 0.18486037489109708,
      "std": 0.5528839835182875,
      "min": -0.964588755318329,
      "max": 1.3684801601879042,
      "median": 0.10119686373651934
    },
    "follow.gamma_std": {
      "mean": 4.91397712523749,
      "std": 0.4072781203235707,
      "min": 4.142774254840101,
      "max": 6.0015931760248185,
      "median": 4.890080042584699
    },
    "follow.delta_mean": {
      "mean": 0.04199383159659947,
      "std": 0.5805419306065915,
      "min": -1.3398511485104387,
      "max": 1.4837084468206847,
      "median": -0.04286027596692935
    },
    "follow.delta_std": {
      "mean": 5.005316555813849,
      "std": 0.3836751099872753,
      "min": 4.132388534085798,
      "max": 5.878835602312678,
      "median": 4.9659027331121255
    }
  },
  "utility_distributions": {
    "utility_mean": {
      "mean": 0.0,
      "std": 0.0,
      "min": 0.0,
      "max": 0.0,
      "median": 0.0
    },
    "utility_std": {
      "mean": 0.0,
      "std": 0.0,
      "min": 0.0,
      "max": 0.0,
      "median": 0.0
    },
    "utility_max": {
      "mean": 0.0,
      "std": 0.0,
      "min": 0.0,
      "max": 0.0,
      "median": 0.0
    },
    "utility_min": {
      "mean": 0.0,
      "std": 0.0,
      "min": 0.0,
      "max": 0.0,
      "median": 0.0
    }
  },
  "best_strategies": []
}