{
  "timestamp": "20260625_001325",
  "num_replications": 30,
  "coefficient_distributions": {
    "coop.alpha_mean": {
      "mean": 0.165768787355289,
      "std": 0.5614055857698544,
      "min": -1.3487737525911871,
      "max": 1.000384495262574,
      "median": 0.1397231459716764
    },
    "coop.beta_mean": {
      "mean": -0.07150068064189263,
      "std": 0.6185578802049903,
      "min": -1.4361161974800614,
      "max": 0.9403410131208177,
      "median": 0.023389553772342586
    },
    "coop.gamma_mean": {
      "mean": -0.10457714089204571,
      "std": 0.7203235952800228,
      "min": -1.7388606652326835,
      "max": 1.543806633182393,
      "median": -0.06021619770245169
    },
    "coop.delta_mean": {
      "mean": -0.13690984656175798,
      "std": 0.6448553227619008,
      "min": -1.2747763535216587,
      "max": 0.9904847671941043,
      "median": -0.10584702943810129
    },
    "leave.alpha_mean": {
      "mean": -0.0717587689190348,
      "std": 0.6293140392833144,
      "min": -1.135648610258659,
      "max": 1.1602979058829177,
      "median": -0.05382889264107025
    },
    "leave.beta_mean": {
      "mean": 0.11306406322701328,
      "std": 0.6271389054188311,
      "min": -1.3357672269111198,
      "max": 1.3605945018130683,
      "median": 0.14916617392778614
    },
    "leave.gamma_mean": {
      "mean": -0.16595913318015135,
      "std": 0.5636346600567673,
      "min": -1.302889073841389,
      "max": 0.9353478881718666,
      "median": -0.17328751245678348
    },
    "leave.delta_mean": {
      "mean": 0.09638487198097381,
      "std": 0.4624538966703504,
      "min": -0.813681487472447,
      "max": 1.0484898295980545,
      "median": 0.18264239425008422
    },
    "follow.alpha_mean": {
      "mean": 0.1758930574569995,
      "std": 0.5013056491879309,
      "min": -0.9872539905463119,
      "max": 1.2670495353231745,
      "median": 0.16659736998157637
    },
    "follow.beta_mean": {
      "mean": 0.21038143066822368,
      "std": 0.6566232083190613,
      "min": -1.2056764731866458,
      "max": 1.3453815693125601,
      "median": 0.14997257624839813
    },
    "follow.gamma_mean": {
      "mean": 0.21247149912221497,
      "std": 0.5114782487611194,
      "min": -0.5557333663107515,
      "max": 1.6509454464647753,
      "median": 0.1460168721503936
    },
    "follow.delta_mean": {
      "mean": 0.11854939687148834,
      "std": 0.6425459003646328,
      "min": -1.3509069133317344,
      "max": 1.3249080136012463,
      "median": 0.15255725178453444
    }
  },
  "learning_vs_skill_summary": {
    "n_agents_total": 3600,
    "mean_change_mean_abs": 1.039658507107353,
    "mean_change_l2": 4.424071226101358,
    "corr_w_max10_vs_change": 0.0044337695248952945
  },
  "plots": [
    "data/batch_learning/plots/learning_vs_skill.png",
    "data/batch_learning/plots/final_mean_parameter_distributions.png"
  ]
}