{
  "timestamp": "20260625_065047",
  "num_replications": 100,
  "coefficient_distributions": {
    "coop.alpha_mean": {
      "mean": 0.5023506941186309,
      "std": 0.030952983087701762,
      "min": 0.42693078191230116,
      "max": 0.5842434771710203,
      "median": 0.5003776659354189
    },
    "coop.beta_mean": {
      "mean": 20.002324227576132,
      "std": 0.030207805367355216,
      "min": 19.914764526542793,
      "max": 20.06187367032152,
      "median": 20.00502652426904
    },
    "coop.gamma_mean": {
      "mean": 0.9999893699617857,
      "std": 0.028164733755781938,
      "min": 0.9425557318856217,
      "max": 1.0658167777486842,
      "median": 1.0000800301497712
    },
    "coop.delta_mean": {
      "mean": -2.996296741744521,
      "std": 0.03163739482908775,
      "min": -3.0908419811144787,
      "max": -2.9222914200717556,
      "median": -2.995535043916436
    },
    "leave.alpha_mean": {
      "mean": 3.0025673828302724,
      "std": 0.03301391650441497,
      "min": 2.911181552534041,
      "max": 3.08183374937611,
      "median": 3.0038303962473165
    },
    "leave.beta_mean": {
      "mean": -19.99895876761241,
      "std": 0.0287922526139334,
      "min": -20.072689924197714,
      "max": -19.918664761204912,
      "median": -20.000035052128702
    },
    "leave.gamma_mean": {
      "mean": 0.000552399723718856,
      "std": 0.026285883758685562,
      "min": -0.0657433929279257,
      "max": 0.07017682627329658,
      "median": 0.0016994156467269091
    },
    "leave.delta_mean": {
      "mean": -0.0018864944568852378,
      "std": 0.0293028932899522,
      "min": -0.0752948790620654,
      "max": 0.08761930192355856,
      "median": 0.0014149826361208586
    },
    "follow.alpha_mean": {
      "mean": -19.998626581637076,
      "std": 0.030764963576714953,
      "min": -20.074532945570756,
      "max": -19.93797355321072,
      "median": -20.0002074557573
    },
    "follow.beta_mean": {
      "mean": -0.004247613702942372,
      "std": 0.0327034868014425,
      "min": -0.1063329331905546,
      "max": 0.07112081421260477,
      "median": -0.0041905795373762865
    },
    "follow.gamma_mean": {
      "mean": 0.0024109181264288936,
      "std": 0.029072387072475003,
      "min": -0.06411699823488885,
      "max": 0.07157204181991013,
      "median": 0.003860024561497605
    },
    "follow.delta_mean": {
      "mean": 0.003367422394472795,
      "std": 0.02765014121973384,
      "min": -0.05277862822835434,
      "max": 0.07400531029091638,
      "median": 0.0005921691694415989
    }
  },
  "learning_vs_skill_summary": {
    "n_agents_total": 12000,
    "mean_change_mean_abs": 0.0934607868145758,
    "mean_change_l2": 0.39755697480192265,
    "corr_w_max10_vs_change": 0.0019481156082443486
  },
  "plots": [
    "data/batch_learning/plots/learning_vs_skill.png",
    "data/batch_learning/plots/final_mean_parameter_distributions.png"
  ]
}