{
  "timestamp": "20260624_222155",
  "num_replications": 30,
  "coefficient_distributions": {
    "coop.alpha_mean": {
      "mean": -0.0298928691263426,
      "std": 0.6566766194248915,
      "min": -1.2265333920715709,
      "max": 1.311328191643159,
      "median": -0.10782028158799822
    },
    "coop.beta_mean": {
      "mean": -0.08310588209877375,
      "std": 0.44858984799857415,
      "min": -0.9384414464132873,
      "max": 0.853952475213962,
      "median": -0.15213698325939076
    },
    "coop.gamma_mean": {
      "mean": 0.09710553018544056,
      "std": 0.6998493063967736,
      "min": -1.6791062291259728,
      "max": 1.9377506271184162,
      "median": 0.09682277665281143
    },
    "coop.delta_mean": {
      "mean": 0.1169191931018687,
      "std": 0.5459908746499585,
      "min": -1.0537621982004575,
      "max": 1.1512599819696376,
      "median": 0.14335554911376802
    },
    "leave.alpha_mean": {
      "mean": 0.1446396977122558,
      "std": 0.5873316711811778,
      "min": -1.4733210615394299,
      "max": 1.19376900349991,
      "median": 0.2184521359645265
    },
    "leave.beta_mean": {
      "mean": -0.03049784954449013,
      "std": 0.6522214405008835,
      "min": -1.2946344767721665,
      "max": 1.2923137254855994,
      "median": -0.082891743388318
    },
    "leave.gamma_mean": {
      "mean": -0.06886780718773826,
      "std": 0.46341673289905544,
      "min": -1.313408948001392,
      "max": 0.6210140141507107,
      "median": 0.053518325813939345
    },
    "leave.delta_mean": {
      "mean": 0.010938182504635732,
      "std": 0.6953847980250966,
      "min": -1.4929259358007605,
      "max": 1.3248636687057844,
      "median": 0.15451470197014938
    },
    "follow.alpha_mean": {
      "mean": -0.025467067746838996,
      "std": 0.6344742636776003,
      "min": -1.6425317001427282,
      "max": 1.3378200257405797,
      "median": -0.1662801741850582
    },
    "follow.beta_mean": {
      "mean": 0.1544551062831718,
      "std": 0.5992825832116423,
      "min": -0.9244051155273368,
      "max": 1.4720759436959148,
      "median": 0.11857379223700554
    },
    "follow.gamma_mean": {
      "mean": 0.07439649946882984,
      "std": 0.6537228860485178,
      "min": -1.1431141547162427,
      "max": 1.7968213633013044,
      "median": 0.005846532399185462
    },
    "follow.delta_mean": {
      "mean": 0.1884832715036811,
      "std": 0.5795884746046954,
      "min": -1.06413564832041,
      "max": 1.4705834401507927,
      "median": 0.1616240601169832
    }
  },
  "learning_vs_skill_summary": {
    "n_agents_total": 3600,
    "mean_change_mean_abs": 1.016915889827157,
    "mean_change_l2": 4.329627638642495,
    "corr_w_max10_vs_change": -0.0014360481637367875
  },
  "plots": [
    "data/batch_learning/plots/learning_vs_skill.png",
    "data/batch_learning/plots/final_mean_parameter_distributions.png"
  ]
}