{
  "timestamp": "20260625_081943",
  "num_replications": 30,
  "coefficient_distributions": {
    "effort.alpha_mean": {
      "mean": -0.028433314951050632,
      "std": 0.30249330573165933,
      "min": -0.5695224315001812,
      "max": 0.5368076474939516,
      "median": -0.04372184252090988
    },
    "effort.beta_dist_mean": {
      "mean": -0.023865593751048006,
      "std": 0.24543591509994944,
      "min": -0.7572548136939532,
      "max": 0.2869276843259467,
      "median": 0.013162432411755541
    },
    "effort.gamma_team_mean": {
      "mean": -0.11109419963484836,
      "std": 0.26067092695535343,
      "min": -0.624211960646209,
      "max": 0.37411126202757466,
      "median": -0.08891637828577878
    },
    "effort.delta_energy_mean": {
      "mean": -0.03679703292638886,
      "std": 0.2558640180164141,
      "min": -0.5168563236299678,
      "max": 0.491653041161593,
      "median": 0.0007112540555731361
    },
    "effort.gamma_match_mean": {
      "mean": 0.004440481621681927,
      "std": 0.21466566155951972,
      "min": -0.3720032945118415,
      "max": 0.42265352637760645,
      "median": 0.05132912752346637
    },
    "sustain.bias_mean": {
      "mean": -0.07041995865423753,
      "std": 0.2159790078710957,
      "min": -0.640696861386617,
      "max": 0.21679570948358343,
      "median": -0.03404816997945952
    },
    "sustain.k_gap_mean": {
      "mean": 0.4154660794254325,
      "std": 0.21096365364780453,
      "min": 0.013433120955031812,
      "max": 0.7654419237653043,
      "median": 0.43772333890577075
    },
    "weights.lambda_speed_mean": {
      "mean": 0.9722730375845486,
      "std": 0.2368957563925851,
      "min": 0.43332159161738504,
      "max": 1.3708928796357387,
      "median": 0.983393727915167
    },
    "weights.lambda_energy_mean": {
      "mean": 1.1776895299802481,
      "std": 0.2882737608761926,
      "min": 0.6362599089601221,
      "max": 1.6819386340523743,
      "median": 1.1814292938680402
    },
    "weights.lambda_risk_mean": {
      "mean": 0.5373157711033433,
      "std": 0.11134939613885204,
      "min": 0.2017739282319643,
      "max": 0.7290393228320168,
      "median": 0.5480594754350122
    },
    "weights.beta_loss_mean": {
      "mean": 1.5225487372497661,
      "std": 0.12541855551090575,
      "min": 1.1582896099548463,
      "max": 1.7475022372871891,
      "median": 1.5368458391399993
    }
  },
  "learning_vs_skill_summary": {
    "n_agents_total": 1500,
    "mean_change_mean_abs": 0.38049432801271843,
    "mean_change_l2": 1.581801287130071,
    "corr_w_max10_vs_change": -0.31624620361859146
  },
  "plots": [
    "data/batch_learning/plots/learning_vs_skill.png",
    "data/batch_learning/plots/final_mean_parameter_distributions.png"
  ]
}